Designator,Mid X,Mid Y,Layer,Rotation
C1,154.000000mm,-52.000000mm,Top,90.000000
C2,128.750000mm,-68.750000mm,Top,90.000000
C3,128.750000mm,-89.750000mm,Top,90.000000
C4,146.000000mm,-74.750000mm,Top,90.000000
C5,152.250000mm,-74.000000mm,Top,90.000000
C6,131.750000mm,-69.750000mm,Top,90.000000
C7,131.750000mm,-73.250000mm,Top,90.000000
C8,139.250000mm,-77.250000mm,Top,0.000000
C9,144.500000mm,-72.000000mm,Top,0.000000
C10,144.500000mm,-68.500000mm,Top,0.000000
C11,137.250000mm,-64.750000mm,Top,0.000000
C12,139.750000mm,-64.750000mm,Top,0.000000
C13,142.000000mm,-64.250000mm,Top,0.000000
C14,137.000000mm,-77.500000mm,Top,0.000000
C15,135.000000mm,-64.750000mm,Top,0.000000
C16,138.750000mm,-63.250000mm,Top,0.000000
C17,144.250000mm,-66.500000mm,Top,90.000000
C18,134.750000mm,-77.500000mm,Top,0.000000
C19,137.000000mm,-80.750000mm,Top,90.000000
C20,145.000000mm,-55.000000mm,Top,90.000000
C21,118.000000mm,-70.500000mm,Top,0.000000
C22,118.000000mm,-91.500000mm,Top,0.000000
C23,63.620000mm,-46.000000mm,Top,0.000000
C24,84.120000mm,-46.000000mm,Top,0.000000
C25,104.620000mm,-46.000000mm,Top,0.000000
C26,53.500000mm,-52.500000mm,Top,90.000000
C27,97.500000mm,-100.000000mm,Top,0.000000
C28,155.250000mm,-105.750000mm,Top,90.000000
C29,70.750000mm,-104.250000mm,Top,90.000000
C30,75.250000mm,-101.250000mm,Top,0.000000
C31,73.250000mm,-101.000000mm,Top,90.000000
C32,70.500000mm,-102.250000mm,Top,0.000000
C33,77.500000mm,-101.000000mm,Top,0.000000
C34,70.750000mm,-109.250000mm,Top,90.000000
C35,78.500000mm,-110.750000mm,Top,0.000000
C36,74.750000mm,-110.750000mm,Top,0.000000
C37,77.500000mm,-112.250000mm,Top,0.000000
C38,108.750000mm,-104.250000mm,Top,90.000000
C39,118.000000mm,-100.750000mm,Top,0.000000
C40,115.500000mm,-99.500000mm,Top,0.000000
C41,110.500000mm,-99.750000mm,Top,0.000000
C42,108.750000mm,-107.000000mm,Top,90.000000
C43,115.500000mm,-112.250000mm,Top,0.000000
C44,118.500000mm,-112.250000mm,Top,0.000000
C45,120.500000mm,-111.000000mm,Top,90.000000
C46,123.000000mm,-108.500000mm,Top,90.000000
D1,150.000000mm,-96.500000mm,Top,0.000000
D2,150.000000mm,-99.000000mm,Top,0.000000
D3,150.000000mm,-101.500000mm,Top,0.000000
D4,140.250000mm,-110.250000mm,Top,90.000000
F1,150.500000mm,-52.000000mm,Top,0.000000
J1,155.600000mm,-60.000000mm,Top,90.000000
R1,149.250000mm,-62.500000mm,Top,90.000000
R2,149.250000mm,-59.500000mm,Top,90.000000
R3,152.750000mm,-96.500000mm,Top,90.000000
R4,139.000000mm,-79.000000mm,Top,0.000000
R5,144.500000mm,-76.750000mm,Top,0.000000
R6,141.500000mm,-62.750000mm,Top,0.000000
R7,145.750000mm,-66.000000mm,Top,90.000000
R8,144.750000mm,-89.500000mm,Top,0.000000
R9,147.500000mm,-86.000000mm,Top,90.000000
R10,131.750000mm,-76.000000mm,Top,90.000000
R11,130.250000mm,-74.250000mm,Top,90.000000
R12,130.250000mm,-71.750000mm,Top,90.000000
R13,132.750000mm,-78.250000mm,Top,90.000000
R14,130.250000mm,-76.750000mm,Top,90.000000
R15,141.500000mm,-77.250000mm,Top,0.000000
R16,141.750000mm,-78.750000mm,Top,0.000000
R17,144.500000mm,-74.000000mm,Top,90.000000
R18,94.500000mm,-91.000000mm,Top,90.000000
R19,53.500000mm,-54.750000mm,Top,90.000000
R20,134.750000mm,-117.750000mm,Top,0.000000
R21,146.750000mm,-116.000000mm,Top,0.000000
R22,144.250000mm,-78.500000mm,Top,0.000000
R23,68.250000mm,-112.250000mm,Top,0.000000
R24,70.250000mm,-112.250000mm,Top,90.000000
R25,72.000000mm,-112.250000mm,Top,90.000000
R26,74.000000mm,-112.250000mm,Top,0.000000
R27,73.250000mm,-114.750000mm,Top,0.000000
R28,77.500000mm,-114.750000mm,Top,0.000000
R29,77.750000mm,-116.250000mm,Top,0.000000
R30,80.500000mm,-114.750000mm,Top,0.000000
R31,107.500000mm,-112.250000mm,Top,0.000000
R32,115.750000mm,-101.250000mm,Top,0.000000
R33,109.500000mm,-112.250000mm,Top,90.000000
R34,113.250000mm,-101.000000mm,Top,0.000000
R35,111.250000mm,-112.250000mm,Top,90.000000
R36,110.500000mm,-101.250000mm,Top,0.000000
R37,112.750000mm,-112.250000mm,Top,90.000000
R38,108.250000mm,-102.000000mm,Top,0.000000
R39,112.500000mm,-114.750000mm,Top,0.000000
R40,115.000000mm,-110.750000mm,Top,0.000000
R41,115.000000mm,-114.750000mm,Top,0.000000
R42,117.500000mm,-110.750000mm,Top,0.000000
R43,117.250000mm,-114.750000mm,Top,0.000000
R44,121.250000mm,-108.500000mm,Top,90.000000
R45,119.750000mm,-114.750000mm,Top,0.000000
R46,121.250000mm,-106.000000mm,Top,90.000000
SW1,154.500000mm,-84.000000mm,Top,90.000000
SW2,154.500000mm,-91.500000mm,Top,90.000000
U1,149.000000mm,-75.000000mm,Top,0.000000
U2,138.000000mm,-71.000000mm,Top,0.000000
U3,139.500000mm,-57.000000mm,Top,0.000000
U4,146.500000mm,-62.500000mm,Top,90.000000
U5,121.500000mm,-63.000000mm,Top,180.000000
U6,121.500000mm,-84.000000mm,Top,180.000000
U10,148.000000mm,-109.500000mm,Top,0.000000
U11,77.000000mm,-106.000000mm,Top,90.000000
U12,115.000000mm,-106.000000mm,Top,90.000000
Y1,134.000000mm,-81.500000mm,Top,0.000000
