Comment,Designator,Footprint,LCSC Part #
10uF,"C1,C2,C3",C_0603_1608Metric,C96446
15pF,"C18,C19",C_0402_1005Metric,C1548
47nF,C26,C_0402_1005Metric,C272875
1uF,C27,C_0603_1608Metric,C106248
10nF,"C30,C31,C32,C33,C34,C35,C36,C37",C_0402_1005Metric,C15195
1uF,"C4,C16,C17",C_0402_1005Metric,C52923
10uF,C5,C_0603_1608Metric,C19702
100nF,"C6,C7,C8,C9,C10,C11,C12,C13,C14,C15,C20,C21,C22,C23,C24,C25,C28,C29,C38,C39,C40,C41,C42,C43,C44,C45,C46",C_0402_1005Metric,C1525
PWR,D1,LED_0603_1608Metric,C12624
MIDI,D2,LED_0603_1608Metric,C12624
STATUS,D3,LED_0603_1608Metric,C2286
1N4148W,D4,D_SOD-123,C81598
0.75A,F1,Fuse_1206_3216Metric,C70078
USB-C,J1,USB_C_Receptacle_HRO_TYPE-C-31-M-12,C165948
5.1k,"R1,R2",R_0402_1005Metric,C25905
100k,"R10,R11,R12,R13,R14,R15,R16,R17,R20",R_0402_1005Metric,C25741
75,R18,R_0402_1005Metric,C25133
220,R21,R_0402_1005Metric,C25091
10k,"R22,R32,R34,R36,R38,R40,R42,R44,R46",R_0402_1005Metric,C25744
1k,"R3,R4,R5,R8,R9,R19,R23,R24,R25,R26,R27,R28,R29,R30,R31,R33,R35,R37,R39,R41,R43,R45",R_0402_1005Metric,C11702
27,"R6,R7",R_0402_1005Metric,C25156
BOOT,SW1,SW_Push_1P1T_NO_CK_KMR2,C318884
RESET,SW2,SW_Push_1P1T_NO_CK_KMR2,C318884
AP2112K-3.3,U1,SOT-23-5,C51118
6N137S,U10,SMDIP-8_W9.53mm,C16496
74HC4051,U11,SOIC-16_3.9x9.9mm_P1.27mm,C9386
74HC165,U12,SOIC-16_3.9x9.9mm_P1.27mm,C5613
RP2040,U2,QFN-56-1EP_7x7mm_P0.4mm_EP3.2x3.2mm,C2040
W25Q32JVSSIQ,U3,SOIC-8_5.3x5.3mm_P1.27mm,C179173
USBLC6-2SC6,U4,SOT-23-6,C7519
74HCT245,"U5,U6",SOIC-20W_7.5x12.8mm_P1.27mm,C5979
12MHz,Y1,Crystal_SMD_3225-4Pin_3.2x2.5mm,C9002
